href,expert
https://kin.naver.com/qna/detail.naver?d1id=7&dirId=71103&docId=456007764&qb=6rOg7ZiI7JWV&enc=utf8&section=kin&rank=1&search_sort=0&spq=0,영양사답변
https://kin.naver.com/qna/detail.naver?d1id=7&dirId=70301&docId=456001636&qb=6rOg7ZiI7JWV&enc=utf8&section=kin&rank=2&search_sort=0&spq=0,한의사답변
https://kin.naver.com/qna/detail.naver?d1id=7&dirId=71103&docId=456273616&qb=6rOg7ZiI7JWV&enc=utf8&section=kin&rank=3&search_sort=0&spq=0,영양사답변
https://kin.naver.com/qna/detail.naver?d1id=7&dirId=7010103&docId=456250798&qb=6rOg7ZiI7JWV&enc=utf8&section=kin&rank=4&search_sort=0&spq=0,의사답변
https://kin.naver.com/qna/detail.naver?d1id=7&dirId=7010103&docId=456309372&qb=6rOg7ZiI7JWV&enc=utf8&section=kin&rank=6&search_sort=0&spq=0,의사답변
https://kin.naver.com/qna/detail.naver?d1id=7&dirId=7010103&docId=455204379&qb=6rOg7ZiI7JWV&enc=utf8&section=kin&rank=7&search_sort=0&spq=0,의사답변
https://kin.naver.com/qna/detail.naver?d1id=7&dirId=70601&docId=456607159&qb=6rOg7ZiI7JWV&enc=utf8&section=kin&rank=8&search_sort=0&spq=0,영양사답변
https://kin.naver.com/qna/detail.naver?d1id=7&dirId=70401&docId=454811949&qb=6rOg7ZiI7JWV&enc=utf8&section=kin&rank=9&search_sort=0&spq=0,약사답변
https://kin.naver.com/qna/detail.naver?d1id=7&dirId=70601&docId=455881906&qb=6rOg7ZiI7JWV&enc=utf8&section=kin&rank=10&search_sort=0&spq=0,영양사답변
https://kin.naver.com/qna/detail.naver?d1id=7&dirId=70307&docId=456289897&qb=6rOg7ZiI7JWV&enc=utf8&section=kin&rank=12&search_sort=0&spq=0,한의사답변
https://kin.naver.com/qna/detail.naver?d1id=7&dirId=70108&docId=455078717&qb=6rOg7ZiI7JWV&enc=utf8&section=kin&rank=13&search_sort=0&spq=0,의사답변
https://kin.naver.com/qna/detail.naver?d1id=7&dirId=7010103&docId=455149705&qb=6rOg7ZiI7JWV&enc=utf8&section=kin&rank=14&search_sort=0&spq=0,의사답변
https://kin.naver.com/qna/detail.naver?d1id=7&dirId=71103&docId=456502637&qb=6rOg7ZiI7JWV&enc=utf8&section=kin&rank=15&search_sort=0&spq=0,영양사답변
https://kin.naver.com/qna/detail.naver?d1id=7&dirId=7010106&docId=455767733&qb=6rOg7ZiI7JWV&enc=utf8&section=kin&rank=17&search_sort=0&spq=0,의사답변
https://kin.naver.com/qna/detail.naver?d1id=7&dirId=70117&docId=455766533&qb=6rOg7ZiI7JWV&enc=utf8&section=kin&rank=18&search_sort=0&spq=0,의사답변
https://kin.naver.com/qna/detail.naver?d1id=7&dirId=71103&docId=455380463&qb=6rOg7ZiI7JWV&enc=utf8&section=kin&rank=19&search_sort=0&spq=0,영양사답변
https://kin.naver.com/qna/detail.naver?d1id=7&dirId=7010103&docId=455746646&qb=6rOg7ZiI7JWV&enc=utf8&section=kin&rank=23&search_sort=0&spq=0,의사답변
https://kin.naver.com/qna/detail.naver?d1id=7&dirId=71103&docId=456273615&qb=6rOg7ZiI7JWV&enc=utf8&section=kin&rank=35&search_sort=0&spq=0,영양사답변
https://kin.naver.com/qna/detail.naver?d1id=7&dirId=70301&docId=455743424&qb=6rOg7ZiI7JWV&enc=utf8&section=kin&rank=37&search_sort=0&spq=0,한의사답변
https://kin.naver.com/qna/detail.naver?d1id=7&dirId=7010103&docId=455515971&qb=6rOg7ZiI7JWV&enc=utf8&section=kin&rank=38&search_sort=0&spq=0,의사답변
https://kin.naver.com/qna/detail.naver?d1id=7&dirId=7010103&docId=456015317&qb=6rOg7ZiI7JWV&enc=utf8&section=kin&rank=40&search_sort=0&spq=0,의사답변
https://kin.naver.com/qna/detail.naver?d1id=7&dirId=71103&docId=454921493&qb=6rOg7ZiI7JWV&enc=utf8&section=kin&rank=41&search_sort=0&spq=0,영양사답변
https://kin.naver.com/qna/detail.naver?d1id=7&dirId=71104&docId=455380474&qb=6rOg7ZiI7JWV&enc=utf8&section=kin&rank=42&search_sort=0&spq=0,영양사답변
https://kin.naver.com/qna/detail.naver?d1id=7&dirId=71104&docId=456479366&qb=6rOg7ZiI7JWV&enc=utf8&section=kin&rank=44&search_sort=0&spq=0,영양사답변
https://kin.naver.com/qna/detail.naver?d1id=7&dirId=7010103&docId=456062597&qb=6rOg7ZiI7JWV&enc=utf8&section=kin&rank=45&search_sort=0&spq=0,의사답변
https://kin.naver.com/qna/detail.naver?d1id=7&dirId=7010103&docId=455423808&qb=6rOg7ZiI7JWV&enc=utf8&section=kin&rank=46&search_sort=0&spq=0,의사답변
https://kin.naver.com/qna/detail.naver?d1id=7&dirId=70401&docId=455899421&qb=6rOg7ZiI7JWV&enc=utf8&section=kin&rank=48&search_sort=0&spq=0,약사답변
https://kin.naver.com/qna/detail.naver?d1id=7&dirId=70117&docId=456114569&qb=6rOg7ZiI7JWV&enc=utf8&section=kin&rank=50&search_sort=0&spq=0,의사답변
https://kin.naver.com/qna/detail.naver?d1id=7&dirId=71103&docId=454922650&qb=6rOg7ZiI7JWV&enc=utf8&section=kin&rank=51&search_sort=0&spq=0,영양사답변
https://kin.naver.com/qna/detail.naver?d1id=7&dirId=7010103&docId=456677856&qb=6rOg7ZiI7JWV&enc=utf8&section=kin&rank=53&search_sort=0&spq=0,의사답변
https://kin.naver.com/qna/detail.naver?d1id=7&dirId=7010103&docId=456357782&qb=6rOg7ZiI7JWV&enc=utf8&section=kin&rank=54&search_sort=0&spq=0,의사답변
https://kin.naver.com/qna/detail.naver?d1id=7&dirId=71103&docId=455080434&qb=6rOg7ZiI7JWV&enc=utf8&section=kin&rank=55&search_sort=0&spq=0,영양사답변
https://kin.naver.com/qna/detail.naver?d1id=7&dirId=7010103&docId=456167142&qb=6rOg7ZiI7JWV&enc=utf8&section=kin&rank=56&search_sort=0&spq=0,의사답변
https://kin.naver.com/qna/detail.naver?d1id=7&dirId=7010103&docId=455912712&qb=6rOg7ZiI7JWV&enc=utf8&section=kin&rank=57&search_sort=0&spq=0,의사답변
https://kin.naver.com/qna/detail.naver?d1id=7&dirId=7010103&docId=456545360&qb=6rOg7ZiI7JWV&enc=utf8&section=kin&rank=60&search_sort=0&spq=0,의사답변
https://kin.naver.com/qna/detail.naver?d1id=7&dirId=71103&docId=456702270&qb=6rOg7ZiI7JWV&enc=utf8&section=kin&rank=61&search_sort=0&spq=0,영양사답변
https://kin.naver.com/qna/detail.naver?d1id=7&dirId=7010103&docId=456758333&qb=6rOg7ZiI7JWV&enc=utf8&section=kin&rank=62&search_sort=0&spq=0,의사답변
https://kin.naver.com/qna/detail.naver?d1id=7&dirId=7010103&docId=455018862&qb=6rOg7ZiI7JWV&enc=utf8&section=kin&rank=63&search_sort=0&spq=0,의사답변
https://kin.naver.com/qna/detail.naver?d1id=7&dirId=71103&docId=454876214&qb=6rOg7ZiI7JWV&enc=utf8&section=kin&rank=64&search_sort=0&spq=0,영양사답변
https://kin.naver.com/qna/detail.naver?d1id=7&dirId=7010103&docId=455410847&qb=6rOg7ZiI7JWV&enc=utf8&section=kin&rank=66&search_sort=0&spq=0,의사답변
https://kin.naver.com/qna/detail.naver?d1id=7&dirId=70101&docId=456311720&qb=6rOg7ZiI7JWV&enc=utf8&section=kin&rank=68&search_sort=0&spq=0,의사답변
https://kin.naver.com/qna/detail.naver?d1id=7&dirId=7010103&docId=456580648&qb=6rOg7ZiI7JWV&enc=utf8&section=kin&rank=70&search_sort=0&spq=0,의사답변
https://kin.naver.com/qna/detail.naver?d1id=7&dirId=71103&docId=454922641&qb=6rOg7ZiI7JWV&enc=utf8&section=kin&rank=71&search_sort=0&spq=0,영양사답변
https://kin.naver.com/qna/detail.naver?d1id=7&dirId=7010103&docId=456495925&qb=6rOg7ZiI7JWV&enc=utf8&section=kin&rank=72&search_sort=0&spq=0,의사답변
https://kin.naver.com/qna/detail.naver?d1id=7&dirId=7010103&docId=456279322&qb=6rOg7ZiI7JWV&enc=utf8&section=kin&rank=74&search_sort=0&spq=0,의사답변
https://kin.naver.com/qna/detail.naver?d1id=7&dirId=7010103&docId=455426288&qb=6rOg7ZiI7JWV&enc=utf8&section=kin&rank=75&search_sort=0&spq=0,의사답변
https://kin.naver.com/qna/detail.naver?d1id=7&dirId=71103&docId=454922631&qb=6rOg7ZiI7JWV&enc=utf8&section=kin&rank=77&search_sort=0&spq=0,영양사답변
https://kin.naver.com/qna/detail.naver?d1id=7&dirId=7010103&docId=455742171&qb=6rOg7ZiI7JWV&enc=utf8&section=kin&rank=81&search_sort=0&spq=0,의사답변
https://kin.naver.com/qna/detail.naver?d1id=7&dirId=7010103&docId=456273623&qb=6rOg7ZiI7JWV&enc=utf8&section=kin&rank=83&search_sort=0&spq=0,의사답변
https://kin.naver.com/qna/detail.naver?d1id=7&dirId=71103&docId=454922646&qb=6rOg7ZiI7JWV&enc=utf8&section=kin&rank=91&search_sort=0&spq=0,영양사답변
https://kin.naver.com/qna/detail.naver?d1id=7&dirId=70107&docId=455364326&qb=6rOg7ZiI7JWV&enc=utf8&section=kin&rank=100&search_sort=0&spq=0,의사답변
https://kin.naver.com/qna/detail.naver?d1id=7&dirId=7010103&docId=455517334&qb=6rOg7ZiI7JWV&enc=utf8&section=kin&rank=102&search_sort=0&spq=0,의사답변
https://kin.naver.com/qna/detail.naver?d1id=7&dirId=70601&docId=455899578&qb=6rOg7ZiI7JWV&enc=utf8&section=kin&rank=106&search_sort=0&spq=0,영양사답변
https://kin.naver.com/qna/detail.naver?d1id=7&dirId=7010103&docId=454628213&qb=6rOg7ZiI7JWV&enc=utf8&section=kin&rank=116&search_sort=0&spq=0,의사답변
https://kin.naver.com/qna/detail.naver?d1id=7&dirId=7010103&docId=456328792&qb=6rOg7ZiI7JWV&enc=utf8&section=kin&rank=119&search_sort=0&spq=0,의사답변
https://kin.naver.com/qna/detail.naver?d1id=7&dirId=7010105&docId=455100219&qb=6rOg7ZiI7JWV&enc=utf8&section=kin&rank=123&search_sort=0&spq=0,의사답변
https://kin.naver.com/qna/detail.naver?d1id=7&dirId=71104&docId=456758785&qb=6rOg7ZiI7JWV&enc=utf8&section=kin&rank=128&search_sort=0&spq=0,영양사답변
https://kin.naver.com/qna/detail.naver?d1id=7&dirId=7010103&docId=455406326&qb=6rOg7ZiI7JWV&enc=utf8&section=kin&rank=130&search_sort=0&spq=0,의사답변
https://kin.naver.com/qna/detail.naver?d1id=7&dirId=70301&docId=456351964&qb=6rOg7ZiI7JWV&enc=utf8&section=kin&rank=134&search_sort=0&spq=0,한의사답변
https://kin.naver.com/qna/detail.naver?d1id=7&dirId=7010103&docId=455641887&qb=6rOg7ZiI7JWV&enc=utf8&section=kin&rank=136&search_sort=0&spq=0,의사답변
https://kin.naver.com/qna/detail.naver?d1id=7&dirId=70307&docId=456277746&qb=6rOg7ZiI7JWV&enc=utf8&section=kin&rank=144&search_sort=0&spq=0,한의사답변
https://kin.naver.com/qna/detail.naver?d1id=7&dirId=70301&docId=456352021&qb=6rOg7ZiI7JWV&enc=utf8&section=kin&rank=146&search_sort=0&spq=0,한의사답변
https://kin.naver.com/qna/detail.naver?d1id=7&dirId=70403&docId=455485083&qb=6rOg7ZiI7JWV&enc=utf8&section=kin&rank=147&search_sort=0&spq=0,약사답변
https://kin.naver.com/qna/detail.naver?d1id=7&dirId=7010104&docId=456282809&qb=6rOg7ZiI7JWV&enc=utf8&section=kin&rank=152&search_sort=0&spq=0,의사답변
https://kin.naver.com/qna/detail.naver?d1id=7&dirId=7010102&docId=456206707&qb=6rOg7ZiI7JWV&enc=utf8&section=kin&rank=159&search_sort=0&spq=0,의사답변
https://kin.naver.com/qna/detail.naver?d1id=7&dirId=70305&docId=456353722&qb=6rOg7ZiI7JWV&enc=utf8&section=kin&rank=162&search_sort=0&spq=0,한의사답변
https://kin.naver.com/qna/detail.naver?d1id=7&dirId=70401&docId=456090593&qb=6rOg7ZiI7JWV&enc=utf8&section=kin&rank=165&search_sort=0&spq=0,약사답변
https://kin.naver.com/qna/detail.naver?d1id=7&dirId=70107&docId=455893743&qb=6rOg7ZiI7JWV&enc=utf8&section=kin&rank=178&search_sort=0&spq=0,의사답변
https://kin.naver.com/qna/detail.naver?d1id=7&dirId=7010103&docId=454848449&qb=6rOg7ZiI7JWV&enc=utf8&section=kin&rank=180&search_sort=0&spq=0,의사답변
https://kin.naver.com/qna/detail.naver?d1id=7&dirId=7010106&docId=455694680&qb=6rOg7ZiI7JWV&enc=utf8&section=kin&rank=195&search_sort=0&spq=0,의사답변
https://kin.naver.com/qna/detail.naver?d1id=7&dirId=71103&docId=455886839&qb=6rOg7ZiI7JWV&enc=utf8&section=kin&rank=197&search_sort=0&spq=0,영양사답변
https://kin.naver.com/qna/detail.naver?d1id=7&dirId=71103&docId=454922637&qb=6rOg7ZiI7JWV&enc=utf8&section=kin&rank=201&search_sort=0&spq=0,영양사답변
https://kin.naver.com/qna/detail.naver?d1id=7&dirId=71103&docId=455475747&qb=6rOg7ZiI7JWV&enc=utf8&section=kin&rank=202&search_sort=0&spq=0,영양사답변
https://kin.naver.com/qna/detail.naver?d1id=7&dirId=7010105&docId=455180108&qb=6rOg7ZiI7JWV&enc=utf8&section=kin&rank=221&search_sort=0&spq=0,의사답변
https://kin.naver.com/qna/detail.naver?d1id=7&dirId=71104&docId=455935351&qb=6rOg7ZiI7JWV&enc=utf8&section=kin&rank=228&search_sort=0&spq=0,영양사답변
https://kin.naver.com/qna/detail.naver?d1id=7&dirId=7010103&docId=456078993&qb=6rOg7ZiI7JWV&enc=utf8&section=kin&rank=233&search_sort=0&spq=0,의사답변
https://kin.naver.com/qna/detail.naver?d1id=7&dirId=70301&docId=455484443&qb=6rOg7ZiI7JWV&enc=utf8&section=kin&rank=236&search_sort=0&spq=0,한의사답변
https://kin.naver.com/qna/detail.naver?d1id=7&dirId=7010103&docId=456471662&qb=6rOg7ZiI7JWV&enc=utf8&section=kin&rank=238&search_sort=0&spq=0,의사답변
https://kin.naver.com/qna/detail.naver?d1id=7&dirId=70105&docId=455969465&qb=6rOg7ZiI7JWV&enc=utf8&section=kin&rank=240&search_sort=0&spq=0,의사답변
